,ij_grid,latitude,longitude,thickness,thickness_uncertainty,x_proj,y_proj,i_grid,j_grid,survey_id,date,rgi_id,topo,topo_smoothed,slope,slope_factor,aspect,dis_from_border,catchment_area,lin_mb_above_z,oggm_mb_above_z,consensus_ice_thickness,millan_ice_thickness,millan_v,itslive_v,hugonnet_dhdt,glacier_cenlon,glacier_cenlat,glacier_area_km2,glacier_outline_year,glacier_is_tidewater,glacier_median_elev,glacier_min_elev,glacier_max_elev,glacier_length,glacier_oggm_volume,glacier_reference_mb,glacier_aar,glacier_avg_temp,glacier_avg_prcpsol,glacier_avg_prcp,glacier_avg_meltingtemp
0,0022_0036,-44.07027445,169.430155,61.0,,374287.1879488835,5119123.869914924,22,36,159,1997-01-01,RGI60-18.01130,1915.4116,1917.1096,0.2098186,2.552076,1.7461985,165.0,1326402.0,458881000.0,1169580800.0,70.90696,90.34213,3.1448283,0.6649228,-0.8682477,169.437,-44.0715,2.673,1978,False,1914.3014,1642.79,2446.563,2442.0,0.1562758336289867,-713.6,0.282609188177618,-2.1517251869717744,2736.489389557737,3841.030526814337,15.915117084644235
1,0022_0037,-44.07032675,169.42992792500002,51.125,,374269.11443116976,5119117.714268671,22,37,159,1997-01-01,RGI60-18.01130,1912.9818,1915.8193,0.21168506,2.5385509,1.7803953,165.0,1337292.0,457968640.0,1167885700.0,69.51259,83.48273,2.2604997,0.6622709,-0.88099164,169.437,-44.0715,2.673,1978,False,1914.3014,1642.79,2446.563,2442.0,0.1562758336289867,-713.6,0.282609188177618,-2.1517251869717744,2736.489389557737,3841.030526814337,15.915117084644235
2,0023_0036,-44.07022625,169.43040151666665,66.5,,374306.8270805744,5119129.599788573,23,36,159,1997-01-01,RGI60-18.01130,1910.4093,1910.6558,0.18542536,2.7485175,1.7633479,198.0,1392831.0,452798600.0,1157897500.0,76.117004,99.452484,4.547859,0.7059247,-0.91178,169.437,-44.0715,2.673,1978,False,1914.3014,1642.79,2446.563,2442.0,0.1562758336289867,-713.6,0.282609188177618,-2.1517251869717744,2736.489389557737,3841.030526814337,15.915117084644235
3,0023_0054,-44.07543016666667,169.43024242222222,21.444444444444443,,374305.10441848316,5118551.354629545,23,54,159,1997-01-01,RGI60-18.01130,1837.3671,1836.9155,0.22865595,2.423765,2.6780624,46.66905,2079990.0,317845250.0,845205440.0,43.660473,43.281982,0.86219525,0.3504017,-0.32202056,169.437,-44.0715,2.673,1978,False,1914.3014,1642.79,2446.563,2442.0,0.1562758336289867,-713.6,0.282609188177618,-2.1517251869717744,2736.489389557737,3841.030526814337,15.915117084644235
4,0024_0036,-44.07013443333333,169.43079509999998,71.22222222222223,,374338.15112045023,5119140.398543864,24,36,159,1997-01-01,RGI60-18.01130,1905.155,1904.9581,0.1648152,2.9498615,1.7683837,231.0,1453815.0,446123800.0,1144318200.0,81.336365,114.06343,7.686056,0.7469266,-0.9167885,169.437,-44.0715,2.673,1978,False,1914.3014,1642.79,2446.563,2442.0,0.1562758336289867,-713.6,0.282609188177618,-2.1517251869717744,2736.489389557737,3841.030526814337,15.915117084644235
5,0024_0053,-44.07534135,169.43081310000002,22.5,,374350.6125924762,5118562.090491474,24,53,159,1997-01-01,RGI60-18.01130,1842.0665,1839.672,0.23341018,2.394022,2.575367,93.3381,2062566.0,323385860.0,858938430.0,52.316208,61.11396,0.9749387,0.2820565,-0.45426947,169.437,-44.0715,2.673,1978,False,1914.3014,1642.79,2446.563,2442.0,0.1562758336289867,-713.6,0.282609188177618,-2.1517251869717744,2736.489389557737,3841.030526814337,15.915117084644235
6,0024_0054,-44.07537782,169.43061498,23.2,,374334.82561079424,5118557.737420024,24,54,159,1997-01-01,RGI60-18.01130,1838.0867,1832.864,0.24615134,2.3188822,2.5898976,73.790245,2099592.0,311411170.0,829189440.0,48.47866,57.095364,0.9693569,0.28545544,-0.45883688,169.437,-44.0715,2.673,1978,False,1914.3014,1642.79,2446.563,2442.0,0.1562758336289867,-713.6,0.282609188177618,-2.1517251869717744,2736.489389557737,3841.030526814337,15.915117084644235
7,0024_0061,-44.07763526,169.43070502,12.0,,374346.8137800328,5118307.139380695,24,61,159,1997-01-01,RGI60-18.01130,1775.2161,1778.6814,0.18027985,2.795321,2.8887084,33.0,2351151.0,207712020.0,563484300.0,40.792088,45.882694,1.7483964,0.16630545,-0.4489117,169.437,-44.0715,2.673,1978,False,1914.3014,1642.79,2446.563,2442.0,0.1562758336289867,-713.6,0.282609188177618,-2.1517251869717744,2736.489389557737,3841.030526814337,15.915117084644235
8,0025_0036,-44.07005718888889,169.43124606666666,74.33333333333333,,374374.10138519,5119149.666141608,25,36,159,1997-01-01,RGI60-18.01130,1900.0638,1899.892,0.14549348,3.1790245,1.7677141,264.0,1513710.0,438564400.0,1128344300.0,86.62012,118.40145,8.3395815,0.78792846,-0.921797,169.437,-44.0715,2.673,1978,False,1914.3014,1642.79,2446.563,2442.0,0.1562758336289867,-713.6,0.282609188177618,-2.1517251869717744,2736.489389557737,3841.030526814337,15.915117084644235
9,0025_0053,-44.07528348571429,169.43108827142856,21.714285714285715,,374372.5241142179,5118568.937345706,25,53,159,1997-01-01,RGI60-18.01130,1837.4198,1835.1284,0.24002719,2.354202,2.548193,118.98319,2087613.0,315371360.0,839056800.0,55.481667,70.73233,1.31048,0.21818009,-0.5592832,169.437,-44.0715,2.673,1978,False,1914.3014,1642.79,2446.563,2442.0,0.1562758336289867,-713.6,0.282609188177618,-2.1517251869717744,2736.489389557737,3841.030526814337,15.915117084644235
10,0025_0061,-44.077704375,169.431014,16.5,,374371.70023530244,5118299.934171358,25,61,159,1997-01-01,RGI60-18.01130,1774.6233,1776.6637,0.17263207,2.8689773,2.7822149,66.0,2357685.0,204440260.0,554914800.0,46.911625,65.062965,2.1431634,0.13438766,-0.56603736,169.437,-44.0715,2.673,1978,False,1914.3014,1642.79,2446.563,2442.0,0.1562758336289867,-713.6,0.282609188177618,-2.1517251869717744,2736.489389557737,3841.030526814337,15.915117084644235
11,0025_0062,-44.0777354,169.4311621,20.0,,374383.6243192188,5118296.714145652,25,62,159,1997-01-01,RGI60-18.01130,1773.1041,1771.7645,0.14921583,3.1312017,2.7435327,46.66905,2381643.0,192212450.0,522818620.0,48.551994,58.704613,2.196527,0.13322107,-0.5149709,169.437,-44.0715,2.673,1978,False,1914.3014,1642.79,2446.563,2442.0,0.1562758336289867,-713.6,0.282609188177618,-2.1517251869717744,2736.489389557737,3841.030526814337,15.915117084644235
12,0025_0065,-44.07889515,169.43111340000002,10.5,,374382.17918947566,5118167.825569989,25,65,159,1997-01-01,RGI60-18.01130,1767.7522,1758.5189,0.18234663,2.7762678,2.621853,0.0,2439360.0,161192370.0,440932540.0,38.495094,36.66932,1.6128618,0.16521823,-0.58872736,169.437,-44.0715,2.673,1978,False,1914.3014,1642.79,2446.563,2442.0,0.1562758336289867,-713.6,0.282609188177618,-2.1517251869717744,2736.489389557737,3841.030526814337,15.915117084644235
13,0026_0035,-44.0699788,169.43172852499998,79.75,,374412.5712032093,5119159.10868397,26,35,159,1997-01-01,RGI60-18.01130,1895.422,1896.1664,0.12250677,3.5245523,1.7046354,281.95212,1563804.0,431583000.0,1113241700.0,92.884705,116.46336,7.655888,0.6778278,-1.0821868,169.437,-44.0715,2.673,1978,False,1914.3014,1642.79,2446.563,2442.0,0.1562758336289867,-713.6,0.282609188177618,-2.1517251869717744,2736.489389557737,3841.030526814337,15.915117084644235
14,0026_0036,-44.07002165,169.43150015,76.5,,374394.3733835642,5119154.00102706,26,36,159,1997-01-01,RGI60-18.01130,1894.5642,1895.4741,0.12429066,3.4941127,1.7838066,295.16098,1571427.0,430473950.0,1110820000.0,92.4982,118.624214,8.082564,0.8067792,-0.9376431,169.437,-44.0715,2.673,1978,False,1914.3014,1642.79,2446.563,2442.0,0.1562758336289867,-713.6,0.282609188177618,-2.1517251869717744,2736.489389557737,3841.030526814337,15.915117084644235
15,0026_0053,-44.07517648571429,169.4315001,33.42857142857143,,374405.2743769575,5118581.450105131,26,53,159,1997-01-01,RGI60-18.01130,1829.4834,1830.6394,0.23175216,2.4042838,2.5907927,147.58049,2110482.0,307738050.0,820013900.0,62.62292,77.699356,1.7267158,0.2268187,-0.67169386,169.437,-44.0715,2.673,1978,False,1914.3014,1642.79,2446.563,2442.0,0.1562758336289867,-713.6,0.282609188177618,-2.1517251869717744,2736.489389557737,3841.030526814337,15.915117084644235
16,0026_0062,-44.077792116666664,169.4314507,26.666666666666668,,374406.8526233074,5118290.854801355,26,62,159,1997-01-01,RGI60-18.01130,1765.5281,1769.615,0.15458426,3.0654967,2.7764468,73.790245,2388177.0,188808880.0,513864800.0,54.291054,77.31638,2.870752,0.1459862,-0.65548855,169.437,-44.0715,2.673,1978,False,1914.3014,1642.79,2446.563,2442.0,0.1562758336289867,-713.6,0.282609188177618,-2.1517251869717744,2736.489389557737,3841.030526814337,15.915117084644235
17,0026_0066,-44.0789718875,169.431335,38.375,,374400.08480550477,5118159.640315499,26,66,159,1997-01-01,RGI60-18.01130,1745.0472,1749.0441,0.21402723,2.521846,2.6958735,33.0,2475297.0,140673250.0,386388860.0,49.99509,54.178303,1.7368319,0.22264816,-0.9423742,169.437,-44.0715,2.673,1978,False,1914.3014,1642.79,2446.563,2442.0,0.1562758336289867,-713.6,0.282609188177618,-2.1517251869717744,2736.489389557737,3841.030526814337,15.915117084644235
18,0027_0035,-44.06992822222222,169.4320396888889,86.22222222222223,,374437.38251439785,5119165.200846825,27,35,159,1997-01-01,RGI60-18.01130,1890.8885,1892.5981,0.09381681,3.8724234,1.7825637,311.32138,1609542.0,424713280.0,1098141400.0,99.134056,121.982285,9.118899,0.6827429,-1.115328,169.437,-44.0715,2.673,1978,False,1914.3014,1642.79,2446.563,2442.0,0.1562758336289867,-713.6,0.282609188177618,-2.1517251869717744,2736.489389557737,3841.030526814337,15.915117084644235
19,0027_0052,-44.07504875,169.431981775,51.0,,374443.5737808511,5118596.372330467,27,52,159,1997-01-01,RGI60-18.01130,1829.6188,1833.2489,0.20717049,2.571599,2.6557245,192.42142,2098503.0,311774900.0,830096960.0,72.60472,83.45597,2.2157304,0.33572987,-0.79172635,169.437,-44.0715,2.673,1978,False,1914.3014,1642.79,2446.563,2442.0,0.1562758336289867,-713.6,0.282609188177618,-2.1517251869717744,2736.489389557737,3841.030526814337,15.915117084644235
20,0027_0053,-44.07509585,169.43178949999998,46.0,,374428.2771781253,5118590.8477200195,27,53,159,1997-01-01,RGI60-18.01130,1822.1598,1826.9767,0.21127094,2.5415351,2.704235,177.71043,2130084.0,300951780.0,803005250.0,68.98594,82.8198,2.1685727,0.34817776,-0.8217555,169.437,-44.0715,2.673,1978,False,1914.3014,1642.79,2446.563,2442.0,0.1562758336289867,-713.6,0.282609188177618,-2.1517251869717744,2736.489389557737,3841.030526814337,15.915117084644235
21,0027_0062,-44.07788362,169.43182754,42.8,,374437.2198668517,5118281.266163402,27,62,159,1997-01-01,RGI60-18.01130,1760.3282,1768.092,0.15904108,3.0136611,2.972046,104.35516,2396889.0,184225460.0,501794020.0,60.77095,89.50565,3.4289052,0.23270999,-0.9100464,169.437,-44.0715,2.673,1978,False,1914.3014,1642.79,2446.563,2442.0,0.1562758336289867,-713.6,0.282609188177618,-2.1517251869717744,2736.489389557737,3841.030526814337,15.915117084644235
22,0027_0066,-44.079131659999994,169.43173508,74.4,,374432.45667889033,5118142.504450766,27,66,159,1997-01-01,RGI60-18.01130,1740.46,1746.5691,0.19290037,2.684109,2.9014711,66.0,2485098.0,134890960.0,370958140.0,61.613422,75.74546,2.2041433,0.2670299,-1.178356,169.437,-44.0715,2.673,1978,False,1914.3014,1642.79,2446.563,2442.0,0.1562758336289867,-713.6,0.282609188177618,-2.1517251869717744,2736.489389557737,3841.030526814337,15.915117084644235
23,0027_0067,-44.07926995,169.43194375000002,83.5,,374449.45707733335,5118127.462673603,27,67,159,1997-01-01,RGI60-18.01130,1734.1052,1740.036,0.20352483,2.5991395,2.9794185,73.790245,2503611.0,123732900.0,341103650.0,64.961945,72.742386,1.840433,0.38060474,-1.2972438,169.437,-44.0715,2.673,1978,False,1914.3014,1642.79,2446.563,2442.0,0.1562758336289867,-713.6,0.282609188177618,-2.1517251869717744,2736.489389557737,3841.030526814337,15.915117084644235
24,0028_0035,-44.06987269,169.43245529,87.1,,374470.546826288,5119172.002408011,28,35,159,1997-01-01,RGI60-18.01130,1888.0267,1890.095,0.06538052,3.8724234,2.0080752,330.0,1636767.0,420388450.0,1088527000.0,105.44585,123.98491,9.690631,0.687658,-1.1484691,169.437,-44.0715,2.673,1978,False,1914.3014,1642.79,2446.563,2442.0,0.1562758336289867,-713.6,0.282609188177618,-2.1517251869717744,2736.489389557737,3841.030526814337,15.915117084644235
25,0028_0052,-44.07498215,169.4324047,57.0,,374477.2982596952,5118604.414388418,28,52,159,1997-01-01,RGI60-18.01130,1827.1221,1830.6105,0.18576515,2.7455,2.815905,221.37073,2111571.0,307366940.0,819085600.0,78.93924,92.46147,3.38286,0.44757453,-0.940499,169.437,-44.0715,2.673,1978,False,1914.3014,1642.79,2446.563,2442.0,0.1562758336289867,-713.6,0.282609188177618,-2.1517251869717744,2736.489389557737,3841.030526814337,15.915117084644235
26,0028_0062,-44.07798098333333,169.4322278,60.333333333333336,,374469.4746466425,5118271.062210302,28,62,159,1997-01-01,RGI60-18.01130,1763.0706,1767.8287,0.16871597,2.9087493,3.2035139,136.06248,2399067.0,183073360.0,498758100.0,69.41894,98.09484,4.3368216,0.31943378,-1.1646043,169.437,-44.0715,2.673,1978,False,1914.3014,1642.79,2446.563,2442.0,0.1562758336289867,-713.6,0.282609188177618,-2.1517251869717744,2736.489389557737,3841.030526814337,15.915117084644235
27,0028_0067,-44.0794118,169.43214494,92.6,,374465.8660089134,5118112.014031727,28,67,159,1997-01-01,RGI60-18.01130,1738.2762,1739.9865,0.18535192,2.749171,3.2683396,104.35516,2504700.0,123065710.0,339314780.0,73.215225,77.29873,1.8378288,0.429814,-1.5108402,169.437,-44.0715,2.673,1978,False,1914.3014,1642.79,2446.563,2442.0,0.1562758336289867,-713.6,0.282609188177618,-2.1517251869717744,2736.489389557737,3841.030526814337,15.915117084644235
28,0028_0068,-44.079554849999994,169.4323697,100.0,,374484.16461282584,5118096.467999863,28,68,159,1997-01-01,RGI60-18.01130,1731.858,1733.7021,0.19632281,2.6559355,3.3563118,118.98319,2521035.0,112917290.0,312055170.0,74.03692,73.92787,1.5330446,0.70855415,-1.5759635,169.437,-44.0715,2.673,1978,False,1914.3014,1642.79,2446.563,2442.0,0.1562758336289867,-713.6,0.282609188177618,-2.1517251869717744,2736.489389557737,3841.030526814337,15.915117084644235
29,0029_0035,-44.0698214875,169.4328392,92.5,,374501.1824961416,5119178.274598371,29,35,159,1997-01-01,RGI60-18.01130,1886.216,1888.6835,0.04776268,3.8724234,2.5161164,350.7948,1656369.0,417163100.0,1081307600.0,112.441315,124.3608,9.879282,0.69257313,-1.1447774,169.437,-44.0715,2.673,1978,False,1914.3014,1642.79,2446.563,2442.0,0.1562758336289867,-713.6,0.282609188177618,-2.1517251869717744,2736.489389557737,3841.030526814337,15.915117084644235
30,0029_0052,-44.07495615,169.43275901666667,68.5,,374505.614881729,5118607.842246958,29,52,159,1997-01-01,RGI60-18.01130,1827.052,1829.2803,0.16819891,2.914111,2.9983816,251.32051,2118105.0,305124580.0,813471550.0,87.194405,104.19831,5.2093215,0.55941916,-1.0765307,169.437,-44.0715,2.673,1978,False,1914.3014,1642.79,2446.563,2442.0,0.1562758336289867,-713.6,0.282609188177618,-2.1517251869717744,2736.489389557737,3841.030526814337,15.915117084644235
31,0029_0062,-44.0780441,169.4325063,78.5,,374491.90760783595,5118264.476334454,29,62,159,1997-01-01,RGI60-18.01130,1767.5089,1768.7877,0.18035108,2.7946587,3.3627,165.0,2393622.0,185951170.0,506340800.0,78.59537,103.83093,5.2721334,0.40615758,-1.3888701,169.437,-44.0715,2.673,1978,False,1914.3014,1642.79,2446.563,2442.0,0.1562758336289867,-713.6,0.282609188177618,-2.1517251869717744,2736.489389557737,3841.030526814337,15.915117084644235
32,0029_0063,-44.078094625,169.4327159,89.25,,374508.7970818458,5118259.1839372795,29,63,159,1997-01-01,RGI60-18.01130,1760.8104,1763.0758,0.17070858,2.8883297,3.343346,147.58049,2418669.0,172566880.0,471033630.0,79.235405,103.46668,5.2439895,0.29007638,-1.4375709,169.437,-44.0715,2.673,1978,False,1914.3014,1642.79,2446.563,2442.0,0.1562758336289867,-713.6,0.282609188177618,-2.1517251869717744,2736.489389557737,3841.030526814337,15.915117084644235
33,0029_0068,-44.07970465,169.43261541666666,103.16666666666667,,374504.1553390275,5118080.204122815,29,68,159,1997-01-01,RGI60-18.01130,1735.813,1735.9235,0.19116609,2.698693,3.5648358,147.58049,2516679.0,115656410.0,319424100.0,80.01851,70.92246,1.2702924,0.7759706,-1.7632625,169.437,-44.0715,2.673,1978,False,1914.3014,1642.79,2446.563,2442.0,0.1562758336289867,-713.6,0.282609188177618,-2.1517251869717744,2736.489389557737,3841.030526814337,15.915117084644235
34,0030_0035,-44.069774637500004,169.4332442,106.75,,374533.5163254598,5119184.095342932,30,35,159,1997-01-01,RGI60-18.01130,1886.5161,1888.2479,0.05088299,3.8724234,3.1066842,373.3524,1662903.0,416069700.0,1078852600.0,119.28235,126.512764,10.707303,0.81491834,-0.9028388,169.437,-44.0715,2.673,1978,False,1914.3014,1642.79,2446.563,2442.0,0.1562758336289867,-713.6,0.282609188177618,-2.1517251869717744,2736.489389557737,3841.030526814337,15.915117084644235
35,0030_0052,-44.07494876,169.43315428,86.4,,374537.2496278003,5118609.265350385,30,52,159,1997-01-01,RGI60-18.01130,1828.291,1829.011,0.15722543,3.0344944,3.1532714,281.95212,2120283.0,304372740.0,811588000.0,95.91297,118.49176,8.646488,0.5841082,-1.1301497,169.437,-44.0715,2.673,1978,False,1914.3014,1642.79,2446.563,2442.0,0.1562758336289867,-713.6,0.282609188177618,-2.1517251869717744,2736.489389557737,3841.030526814337,15.915117084644235
36,0030_0063,-44.07817995,169.43306803333334,100.83333333333333,,374537.17269628495,5118250.243416148,30,63,159,1997-01-01,RGI60-18.01130,1763.4598,1764.6514,0.17639653,2.832083,3.436063,177.71043,2413224.0,175512860.0,478815200.0,87.23975,102.92988,5.049959,0.33833966,-1.4831858,169.437,-44.0715,2.673,1978,False,1914.3014,1642.79,2446.563,2442.0,0.1562758336289867,-713.6,0.282609188177618,-2.1517251869717744,2736.489389557737,3841.030526814337,15.915117084644235
37,0030_0069,-44.07997112857142,169.43303554285714,107.14285714285714,,374538.35713491717,5118051.246376282,30,69,159,1997-01-01,RGI60-18.01130,1735.3152,1733.4725,0.20030914,2.624095,3.6990547,192.42142,2524302.0,110852664.0,306497250.0,83.04891,73.51839,1.4649738,1.0666354,-1.8941596,169.437,-44.0715,2.673,1978,False,1914.3014,1642.79,2446.563,2442.0,0.1562758336289867,-713.6,0.282609188177618,-2.1517251869717744,2736.489389557737,3841.030526814337,15.915117084644235
38,0031_0034,-44.069714033333334,169.4337636,110.66666666666667,,374574.982439664,5119191.617847105,31,34,159,1997-01-01,RGI60-18.01130,1889.6764,1890.6439,0.070688486,3.8724234,3.5535023,373.3524,1630233.0,421443300.0,1090879400.0,123.0609,117.62395,8.405498,0.9294476,-0.68104607,169.437,-44.0715,2.673,1978,False,1914.3014,1642.79,2446.563,2442.0,0.1562758336289867,-713.6,0.282609188177618,-2.1517251869717744,2736.489389557737,3841.030526814337,15.915117084644235
39,0031_0035,-44.069752533333336,169.43353349999998,112.33333333333333,,374556.6370919247,5119186.991172441,31,35,159,1997-01-01,RGI60-18.01130,1887.7975,1888.5662,0.06474567,3.8724234,3.409246,397.37262,1658547.0,416799780.0,1080492300.0,123.31064,127.06279,11.156261,0.97534716,-0.6609003,169.437,-44.0715,2.673,1978,False,1914.3014,1642.79,2446.563,2442.0,0.1562758336289867,-713.6,0.282609188177618,-2.1517251869717744,2736.489389557737,3841.030526814337,15.915117084644235
40,0031_0052,-44.07494895,169.4335654,100.16666666666667,,374570.17010534555,5118609.870533153,31,52,159,1997-01-01,RGI60-18.01130,1829.1923,1829.4025,0.15138532,3.1042004,3.2486095,311.32138,2117016.0,305500030.0,814412100.0,103.53017,119.88848,8.752381,0.58053184,-1.1837686,169.437,-44.0715,2.673,1978,False,1914.3014,1642.79,2446.563,2442.0,0.1562758336289867,-713.6,0.282609188177618,-2.1517251869717744,2736.489389557737,3841.030526814337,15.915117084644235
41,0031_0063,-44.07826122,169.43346406,114.6,,374569.05419067235,5118241.820035806,31,63,159,1997-01-01,RGI60-18.01130,1766.6461,1766.4902,0.17582303,2.837622,3.4473624,208.71033,2405601.0,179600820.0,489603100.0,94.38909,101.76214,4.763246,0.38496596,-1.5288005,169.437,-44.0715,2.673,1978,False,1914.3014,1642.79,2446.563,2442.0,0.1562758336289867,-713.6,0.282609188177618,-2.1517251869717744,2736.489389557737,3841.030526814337,15.915117084644235
42,0031_0069,-44.0800952,169.4332665,109.0,,374557.1114855643,5118037.817559037,31,69,159,1997-01-01,RGI60-18.01130,1739.7214,1737.0436,0.18823586,2.7238212,3.7162194,221.37073,2514501.0,117015416.0,323076580.0,86.49048,76.38828,1.6868387,1.030547,-1.9923654,169.437,-44.0715,2.673,1978,False,1914.3014,1642.79,2446.563,2442.0,0.1562758336289867,-713.6,0.282609188177618,-2.1517251869717744,2736.489389557737,3841.030526814337,15.915117084644235
43,0031_0070,-44.08023728,169.4334519,110.2,,374572.25617150904,5118022.31905748,31,70,159,1997-01-01,RGI60-18.01130,1734.9141,1731.5505,0.20582168,2.5816975,3.7281284,211.3031,2526480.0,109468300.0,302767650.0,82.12474,85.420715,2.8101714,1.2288706,-2.0159917,169.437,-44.0715,2.673,1978,False,1914.3014,1642.79,2446.563,2442.0,0.1562758336289867,-713.6,0.282609188177618,-2.1517251869717744,2736.489389557737,3841.030526814337,15.915117084644235
44,0032_0034,-44.06967495,169.43414176000002,110.6,,374605.18340705027,5119196.534711354,32,34,159,1997-01-01,RGI60-18.01130,1891.1992,1891.7981,0.08389277,3.8724234,3.6074142,397.37262,1618254.0,423349000.0,1095117000.0,124.630684,116.221535,8.275599,1.0993009,-0.48713487,169.437,-44.0715,2.673,1978,False,1914.3014,1642.79,2446.563,2442.0,0.1562758336289867,-713.6,0.282609188177618,-2.1517251869717744,2736.489389557737,3841.030526814337,15.915117084644235
45,0032_0052,-44.07497092,169.43396026,107.6,,374601.8345819712,5118608.031678131,32,52,159,1997-01-01,RGI60-18.01130,1830.1119,1830.0864,0.14883158,3.1360497,3.2836416,339.7558,2113749.0,306622750.0,817223400.0,109.20389,114.05563,7.0168014,0.5769555,-1.209002,169.437,-44.0715,2.673,1978,False,1914.3014,1642.79,2446.563,2442.0,0.1562758336289867,-713.6,0.282609188177618,-2.1517251869717744,2736.489389557737,3841.030526814337,15.915117084644235
46,0032_0063,-44.078324375,169.4337645,121.75,,374593.2437445196,5118235.262975771,32,63,159,1997-01-01,RGI60-18.01130,1767.726,1768.181,0.17113605,2.8839989,3.4145916,240.24362,2394711.0,185376100.0,504825700.0,100.3249,100.283035,4.438502,0.43159223,-1.5668414,169.437,-44.0715,2.673,1978,False,1914.3014,1642.79,2446.563,2442.0,0.1562758336289867,-713.6,0.282609188177618,-2.1517251869717744,2736.489389557737,3841.030526814337,15.915117084644235
47,0032_0064,-44.07838313333334,169.434022,125.0,,374613.9857759467,5118229.128782324,32,64,159,1997-01-01,RGI60-18.01130,1762.146,1762.9323,0.158737,3.0171235,3.4643738,233.34525,2420847.0,171382780.0,467904220.0,100.791885,98.93887,4.255276,0.49554738,-1.6645416,169.437,-44.0715,2.673,1978,False,1914.3014,1642.79,2446.563,2442.0,0.1562758336289867,-713.6,0.282609188177618,-2.1517251869717744,2736.489389557737,3841.030526814337,15.915117084644235
48,0032_0070,-44.08037945,169.4336693,108.0,,374589.963126107,5118006.859270934,32,70,159,1997-01-01,RGI60-18.01130,1737.5505,1735.2035,0.18966317,2.7115037,3.7199569,186.6762,2517768.0,114973590.0,317587840.0,83.70316,89.178856,3.3230264,1.1340497,-2.0951807,169.437,-44.0715,2.673,1978,False,1914.3014,1642.79,2446.563,2442.0,0.1562758336289867,-713.6,0.282609188177618,-2.1517251869717744,2736.489389557737,3841.030526814337,15.915117084644235
49,0032_0071,-44.08051518,169.43389592,107.0,,374608.39459624956,5117992.1287683295,32,71,159,1997-01-01,RGI60-18.01130,1731.7012,1729.6965,0.20652956,2.5763845,3.7577405,165.0,2531925.0,105973670.0,293339870.0,77.94976,91.18082,3.9564064,1.0533494,-2.1102262,169.437,-44.0715,2.673,1978,False,1914.3014,1642.79,2446.563,2442.0,0.1562758336289867,-713.6,0.282609188177618,-2.1517251869717744,2736.489389557737,3841.030526814337,15.915117084644235
50,0033_0034,-44.06964328888889,169.43455874444444,118.11111111111111,,374638.5091969859,5119200.686145379,33,34,159,1997-01-01,RGI60-18.01130,1893.4049,1893.1367,0.09230383,3.8724234,3.5929625,422.6062,1598652.0,426392540.0,1101852400.0,125.95524,116.5789,8.789527,1.2372886,-0.7696828,169.437,-44.0715,2.673,1978,False,1914.3014,1642.79,2446.563,2442.0,0.1562758336289867,-713.6,0.282609188177618,-2.1517251869717744,2736.489389557737,3841.030526814337,15.915117084644235
51,0033_0052,-44.07500994285714,169.43438862857144,117.0,,374636.2182133763,5118604.349605815,33,52,159,1997-01-01,RGI60-18.01130,1830.8167,1830.8035,0.14849952,3.1402555,3.2757652,368.9512,2109393.0,308109060.0,820941900.0,112.85358,114.42687,7.1082892,0.57686734,-0.9886185,169.437,-44.0715,2.673,1978,False,1914.3014,1642.79,2446.563,2442.0,0.1562758336289867,-713.6,0.282609188177618,-2.1517251869717744,2736.489389557737,3841.030526814337,15.915117084644235
52,0033_0064,-44.078454816666664,169.43432275,127.83333333333333,,374638.21806032286,5118221.624774871,33,64,159,1997-01-01,RGI60-18.01130,1763.7288,1764.4707,0.15133774,3.104786,3.4243605,266.0545,2415402.0,174338600.0,475714560.0,104.64054,96.298935,3.8152196,0.5780582,-1.626716,169.437,-44.0715,2.673,1978,False,1914.3014,1642.79,2446.563,2442.0,0.1562758336289867,-713.6,0.282609188177618,-2.1517251869717744,2736.489389557737,3841.030526814337,15.915117084644235
53,0033_0071,-44.080692633333335,169.4341875,99.66666666666667,,374632.115235318,5117972.8628871525,33,71,159,1997-01-01,RGI60-18.01130,1734.7266,1733.5585,0.18720694,2.7327936,3.806379,140.00714,2523213.0,111541110.0,308350700.0,77.33879,84.3756,3.8437393,0.93070966,-2.026457,169.437,-44.0715,2.673,1978,False,1914.3014,1642.79,2446.563,2442.0,0.1562758336289867,-713.6,0.282609188177618,-2.1517251869717744,2736.489389557737,3841.030526814337,15.915117084644235
54,0033_0072,-44.0807916,169.43438195,96.0,,374647.89315360435,5117962.16663174,33,72,159,1997-01-01,RGI60-18.01130,1729.7083,1728.637,0.20260677,2.6061993,3.9396033,118.98319,2535192.0,103861490.0,287635940.0,69.8887,71.82414,3.4277616,0.761765,-1.9708043,169.437,-44.0715,2.673,1978,False,1914.3014,1642.79,2446.563,2442.0,0.1562758336289867,-713.6,0.282609188177618,-2.1517251869717744,2736.489389557737,3841.030526814337,15.915117084644235
55,0034_0034,-44.06961053333333,169.43494572222224,117.0,,374669.4297375789,5119204.913307289,34,34,159,1997-01-01,RGI60-18.01130,1894.7039,1894.463,0.09688664,3.8724234,3.5426815,448.84854,1582317.0,428863400.0,1107291100.0,126.531746,117.32811,9.58983,1.1387953,-1.0522308,169.437,-44.0715,2.673,1978,False,1914.3014,1642.79,2446.563,2442.0,0.1562758336289867,-713.6,0.282609188177618,-2.1517251869717744,2736.489389557737,3841.030526814337,15.915117084644235
56,0034_0052,-44.0750325,169.43481016,123.6,,374670.01956100506,5118602.485812877,34,52,159,1997-01-01,RGI60-18.01130,1831.7491,1831.4072,0.1494902,3.1277523,3.246732,398.7405,2107215.0,308848220.0,822789800.0,114.92522,114.46669,7.1436186,0.6026656,-0.76823497,169.437,-44.0715,2.673,1978,False,1914.3014,1642.79,2446.563,2442.0,0.1562758336289867,-713.6,0.282609188177618,-2.1517251869717744,2736.489389557737,3841.030526814337,15.915117084644235
57,0034_0064,-44.07854584,169.43470575999999,133.0,,374669.0776288276,5118212.097789931,34,64,159,1997-01-01,RGI60-18.01130,1764.6764,1765.7406,0.1444038,3.1933963,3.391652,257.73825,2407779.0,178437090.0,486533280.0,107.65935,88.29526,2.8668542,0.8116475,-1.5888904,169.437,-44.0715,2.673,1978,False,1914.3014,1642.79,2446.563,2442.0,0.1562758336289867,-713.6,0.282609188177618,-2.1517251869717744,2736.489389557737,3841.030526814337,15.915117084644235
58,0034_0072,-44.0808919,169.43458618,88.8,,374664.4568744412,5117951.337126119,34,72,159,1997-01-01,RGI60-18.01130,1732.4501,1733.6254,0.19062136,2.7033176,4.1476173,93.3381,2522124.0,112229310.0,310203260.0,65.1359,56.4718,3.2314608,0.63287073,-1.8199929,169.437,-44.0715,2.673,1978,False,1914.3014,1642.79,2446.563,2442.0,0.1562758336289867,-713.6,0.282609188177618,-2.1517251869717744,2736.489389557737,3841.030526814337,15.915117084644235
59,0035_0034,-44.0695881375,169.4353625,128.375,,374702.7585976621,5119208.035002354,35,34,159,1997-01-01,RGI60-18.01130,1895.77,1895.6411,0.09881365,3.8724234,3.4742994,475.93277,1568160.0,430950850.0,1111862100.0,128.02841,117.71114,10.389816,1.0403019,-1.3192891,169.437,-44.0715,2.673,1978,False,1914.3014,1642.79,2446.563,2442.0,0.1562758336289867,-713.6,0.282609188177618,-2.1517251869717744,2736.489389557737,3841.030526814337,15.915117084644235
60,0035_0052,-44.07505591428571,169.43521665714283,132.85714285714286,,374702.6188375541,5118600.503765298,35,52,159,1997-01-01,RGI60-18.01130,1832.5415,1831.8467,0.15072867,3.1123073,3.2167144,384.84283,2105037.0,309585000.0,824630900.0,115.70043,115.70714,7.7007813,0.62846386,-0.5603409,169.437,-44.0715,2.673,1978,False,1914.3014,1642.79,2446.563,2442.0,0.1562758336289867,-713.6,0.282609188177618,-2.1517251869717744,2736.489389557737,3841.030526814337,15.915117084644235
61,0035_0064,-44.078636059999994,169.43506186,138.8,,374697.78074317984,5118202.618936531,35,64,159,1997-01-01,RGI60-18.01130,1764.8248,1766.8457,0.1387415,3.2709672,3.3821352,233.34525,2403423.0,180760960.0,492662500.0,109.42149,76.99765,1.6283143,1.0452368,-1.5530941,169.437,-44.0715,2.673,1978,False,1914.3014,1642.79,2446.563,2442.0,0.1562758336289867,-713.6,0.282609188177618,-2.1517251869717744,2736.489389557737,3841.030526814337,15.915117084644235
62,0035_0065,-44.0786962,169.4352909,139.0,,374716.2467166317,5118196.28765696,35,65,159,1997-01-01,RGI60-18.01130,1761.7401,1762.665,0.12564418,3.4714794,3.453545,211.3031,2421936.0,170789700.0,466336420.0,106.53287,68.31733,1.0247394,1.0141457,-1.6536908,169.437,-44.0715,2.673,1978,False,1914.3014,1642.79,2446.563,2442.0,0.1562758336289867,-713.6,0.282609188177618,-2.1517251869717744,2736.489389557737,3841.030526814337,15.915117084644235
63,0035_0072,-44.08102915,169.434922,76.5,,374691.6344418243,5117936.603794362,35,72,159,1997-01-01,RGI60-18.01130,1732.4816,1739.3949,0.19927917,2.632224,4.440816,73.790245,2506878.0,121728140.0,335727360.0,59.80048,41.26183,3.3070366,0.5039765,-1.6583818,169.437,-44.0715,2.673,1978,False,1914.3014,1642.79,2446.563,2442.0,0.1562758336289867,-713.6,0.282609188177618,-2.1517251869717744,2736.489389557737,3841.030526814337,15.915117084644235
64,0035_0073,-44.081092866666665,169.43510166666667,60.666666666666664,,374706.1541199949,5117929.800145587,35,73,159,1997-01-01,RGI60-18.01130,1726.0363,1738.1401,0.2456666,2.3216264,4.6381636,46.66905,2512323.0,118367816.0,326709020.0,49.644787,,,0.37719774,-1.4667622,169.437,-44.0715,2.673,1978,False,1914.3014,1642.79,2446.563,2442.0,0.1562758336289867,-713.6,0.282609188177618,-2.1517251869717744,2736.489389557737,3841.030526814337,15.915117084644235
65,0036_0034,-44.06957855,169.4357676125,140.0,,374735.18033229455,5119209.716155693,36,34,159,1997-01-01,RGI60-18.01130,1897.3658,1896.6,0.0990602,3.8724234,3.4048252,503.72314,1556181.0,432677540.0,1115625000.0,131.48773,109.999214,8.653349,0.94180864,-1.390497,169.437,-44.0715,2.673,1978,False,1914.3014,1642.79,2446.563,2442.0,0.1562758336289867,-713.6,0.282609188177618,-2.1517251869717744,2736.489389557737,3841.030526814337,15.915117084644235
66,0036_0052,-44.07507823333333,169.43562378333334,140.5,,374735.26614679134,5118598.644161595,36,52,159,1997-01-01,RGI60-18.01130,1832.4402,1832.1595,0.15115398,3.10705,3.2015295,355.42087,2103948.0,309952060.0,825547840.0,115.72011,135.05896,15.352561,0.65426207,-0.510362,169.437,-44.0715,2.673,1978,False,1914.3014,1642.79,2446.563,2442.0,0.1562758336289867,-713.6,0.282609188177618,-2.1517251869717744,2736.489389557737,3841.030526814337,15.915117084644235
67,0036_0065,-44.07875863333334,169.43553193333332,136.83333333333334,,374735.67777896207,5118189.719838994,36,65,159,1997-01-01,RGI60-18.01130,1763.0245,1763.93,0.12095879,3.5515468,3.4874623,186.6762,2416491.0,173749620.0,474158940.0,104.777824,64.48661,0.88459975,1.1964172,-1.6331116,169.437,-44.0715,2.673,1978,False,1914.3014,1642.79,2446.563,2442.0,0.1562758336289867,-713.6,0.282609188177618,-2.1517251869717744,2736.489389557737,3841.030526814337,15.915117084644235
68,0036_0073,-44.081207719999995,169.43538705999998,46.0,,374729.2467802439,5117917.477535953,36,73,159,1997-01-01,RGI60-18.01130,1734.9845,1747.0952,0.28807336,2.1100762,4.8359604,33.0,2480742.0,137469660.0,377842500.0,42.12607,,,0.26938647,-1.0758737,169.437,-44.0715,2.673,1978,False,1914.3014,1642.79,2446.563,2442.0,0.1562758336289867,-713.6,0.282609188177618,-2.1517251869717744,2736.489389557737,3841.030526814337,15.915117084644235
69,0037_0034,-44.0695576,169.43618682222223,145.33333333333334,,374768.7070396421,5119212.680623395,37,34,159,1997-01-01,RGI60-18.01130,1898.1357,1897.3479,0.098382644,3.8724234,3.3566256,513.3595,1543113.0,434532030.0,1119652700.0,133.69882,107.59822,8.609476,0.86977494,-1.4617047,169.437,-44.0715,2.673,1978,False,1914.3014,1642.79,2446.563,2442.0,0.1562758336289867,-713.6,0.282609188177618,-2.1517251869717744,2736.489389557737,3841.030526814337,15.915117084644235
70,0037_0052,-44.07509375,169.43604503333333,146.0,,374769.0300316712,5118597.561423724,37,52,159,1997-01-01,RGI60-18.01130,1832.0459,1832.4489,0.15016763,3.119279,3.2099898,325.0123,2102859.0,310318140.0,826461900.0,115.733246,150.37631,23.364014,0.7777787,-0.46038315,169.437,-44.0715,2.673,1978,False,1914.3014,1642.79,2446.563,2442.0,0.1562758336289867,-713.6,0.282609188177618,-2.1517251869717744,2736.489389557737,3841.030526814337,15.915117084644235
71,0037_0065,-44.07887361666667,169.4359396,127.0,,374768.5618183934,5118177.568644103,37,65,159,1997-01-01,RGI60-18.01130,1763.4882,1765.3848,0.11857259,3.5942593,3.5910828,165.0,2409957.0,177269170.0,483451200.0,100.37583,67.44458,1.5296324,1.2702322,-1.6125323,169.437,-44.0715,2.673,1978,False,1914.3014,1642.79,2446.563,2442.0,0.1562758336289867,-713.6,0.282609188177618,-2.1517251869717744,2736.489389557737,3841.030526814337,15.915117084644235
72,0038_0034,-44.069528725,169.4366101875,148.25,,374802.5498411766,5119216.531476319,38,34,159,1997-01-01,RGI60-18.01130,1897.6173,1897.99,0.09764477,3.8724234,3.3547118,490.58026,1534401.0,435754020.0,1122300000.0,132.63882,108.91141,9.773127,0.82613343,-1.5365013,169.437,-44.0715,2.673,1978,False,1914.3014,1642.79,2446.563,2442.0,0.1562758336289867,-713.6,0.282609188177618,-2.1517251869717744,2736.489389557737,3841.030526814337,15.915117084644235
73,0038_0052,-44.075115928571435,169.43646087142858,147.0,,374802.37459332607,5118595.730340587,38,52,159,1997-01-01,RGI60-18.01130,1831.7074,1832.842,0.14804846,3.1459923,3.2448697,295.16098,2100681.0,311047330.0,828281660.0,114.928535,161.53824,31.05431,1.0061508,-0.42059442,169.437,-44.0715,2.673,1978,False,1914.3014,1642.79,2446.563,2442.0,0.1562758336289867,-713.6,0.282609188177618,-2.1517251869717744,2736.489389557737,3841.030526814337,15.915117084644235
74,0038_0065,-44.0789669,169.43621810000002,116.5,,374791.05776145216,5118167.631127045,38,65,159,1997-01-01,RGI60-18.01130,1764.0831,1767.3464,0.12034643,3.5623786,3.7954514,140.00714,2401245.0,181918300.0,495713630.0,93.219734,74.81564,2.7373495,1.2276692,-1.589021,169.437,-44.0715,2.673,1978,False,1914.3014,1642.79,2446.563,2442.0,0.1562758336289867,-713.6,0.282609188177618,-2.1517251869717744,2736.489389557737,3841.030526814337,15.915117084644235
75,0038_0066,-44.079023525,169.436432175,108.25,,374808.31789537886,5118161.667245477,38,66,159,1997-01-01,RGI60-18.01130,1762.3071,1764.5013,0.11880801,3.5899844,4.0091004,118.98319,2414313.0,174925780.0,477265020.0,85.33119,63.607967,2.8500674,1.1039505,-1.727077,169.437,-44.0715,2.673,1978,False,1914.3014,1642.79,2446.563,2442.0,0.1562758336289867,-713.6,0.282609188177618,-2.1517251869717744,2736.489389557737,3841.030526814337,15.915117084644235
76,0039_0034,-44.06951276666667,169.43700181111112,147.33333333333334,,374833.87798485433,5119218.899248902,39,34,159,1997-01-01,RGI60-18.01130,1898.2524,1898.7153,0.09848373,3.8724234,3.4153464,466.6905,1527867.0,436653660.0,1124240900.0,130.21278,99.310356,7.988539,0.78249186,-1.6911856,169.437,-44.0715,2.673,1978,False,1914.3014,1642.79,2446.563,2442.0,0.1562758336289867,-713.6,0.282609188177618,-2.1517251869717744,2736.489389557737,3841.030526814337,15.915117084644235
77,0039_0052,-44.0751355,169.4366934,147.0,,374821.0353329111,5118593.910036852,39,52,159,1997-01-01,RGI60-18.01130,1832.2622,1833.4636,0.14594382,3.1731353,3.307389,266.0545,2096325.0,312499330.0,831903500.0,113.01923,151.29619,25.256502,1.2345229,-0.607652,169.437,-44.0715,2.673,1978,False,1914.3014,1642.79,2446.563,2442.0,0.1562758336289867,-713.6,0.282609188177618,-2.1517251869717744,2736.489389557737,3841.030526814337,15.915117084644235
78,0039_0053,-44.07516324,169.43687863999997,147.4,,374835.9267001675,5118591.110504831,39,53,159,1997-01-01,RGI60-18.01130,1827.1815,1828.6835,0.14624724,3.1691835,3.3279142,251.32051,2122461.0,303618620.0,809697860.0,113.2158,159.19104,30.782228,1.2365884,-0.8528562,169.437,-44.0715,2.673,1978,False,1914.3014,1642.79,2446.563,2442.0,0.1562758336289867,-713.6,0.282609188177618,-2.1517251869717744,2736.489389557737,3841.030526814337,15.915117084644235
79,0039_0066,-44.07909862,169.43674068,94.8,,374833.1778158027,5118153.795388462,39,66,159,1997-01-01,RGI60-18.01130,1763.5917,1768.1191,0.1450922,3.1842968,4.3489857,93.3381,2395800.0,184800820.0,503309980.0,75.03057,46.543137,2.57409,1.0514394,-1.5615879,169.437,-44.0715,2.673,1978,False,1914.3014,1642.79,2446.563,2442.0,0.1562758336289867,-713.6,0.282609188177618,-2.1517251869717744,2736.489389557737,3841.030526814337,15.915117084644235
80,0040_0033,-44.069484225000004,169.437418425,144.5,,374867.18088588014,5119222.70248292,40,33,159,1997-01-01,RGI60-18.01130,1901.7699,1902.997,0.10948312,3.770437,3.530276,420.02142,1472328.0,443878900.0,1139622900.0,122.27884,110.4381,15.184692,0.7800664,-1.5615195,169.437,-44.0715,2.673,1978,False,1914.3014,1642.79,2446.563,2442.0,0.1562758336289867,-713.6,0.282609188177618,-2.1517251869717744,2736.489389557737,3841.030526814337,15.915117084644235
81,0040_0034,-44.0695034,169.4372149,146.0,,374850.922711805,5119220.263451891,40,34,159,1997-01-01,RGI60-18.01130,1898.3477,1899.7529,0.10338406,3.8724234,3.533861,443.9696,1516977.0,438129400.0,1127413000.0,126.18604,95.06612,7.470986,0.73885036,-1.8458699,169.437,-44.0715,2.673,1978,False,1914.3014,1642.79,2446.563,2442.0,0.1562758336289867,-713.6,0.282609188177618,-2.1517251869717744,2736.489389557737,3841.030526814337,15.915117084644235
82,0040_0053,-44.07525858571428,169.43727237142858,146.42857142857142,,374867.65525391296,5118581.118768013,40,53,159,1997-01-01,RGI60-18.01130,1828.966,1829.7571,0.14697284,3.1597867,3.4194634,221.37073,2115927.0,305875070.0,815351550.0,110.199135,137.008,21.069052,1.4313474,-0.96757144,169.437,-44.0715,2.673,1978,False,1914.3014,1642.79,2446.563,2442.0,0.1562758336289867,-713.6,0.282609188177618,-2.1517251869717744,2736.489389557737,3841.030526814337,15.915117084644235
83,0040_0066,-44.079212999999996,169.4371577857143,74.85714285714286,,374866.81597672444,5118141.72506904,40,66,159,1997-01-01,RGI60-18.01130,1765.8726,1773.5154,0.19359009,2.6783674,4.6300383,73.790245,2372931.0,196689540.0,534579230.0,63.685226,,,0.99892837,-1.3960987,169.437,-44.0715,2.673,1978,False,1914.3014,1642.79,2446.563,2442.0,0.1562758336289867,-713.6,0.282609188177618,-2.1517251869717744,2736.489389557737,3841.030526814337,15.915117084644235
84,0041_0033,-44.06946171111111,169.43781654444444,142.55555555555554,,374899.0154542463,5119225.807943221,41,33,159,1997-01-01,RGI60-18.01130,1902.6005,1904.68,0.12223522,3.529248,3.6837344,397.37262,1455993.0,445865660.0,1143781400.0,117.52219,97.599525,9.491503,0.7351447,-1.7727605,169.437,-44.0715,2.673,1978,False,1914.3014,1642.79,2446.563,2442.0,0.1562758336289867,-713.6,0.282609188177618,-2.1517251869717744,2736.489389557737,3841.030526814337,15.915117084644235
85,0041_0053,-44.07533714,169.43759391999998,140.2,,374893.5683847026,5118572.882258624,41,53,159,1997-01-01,RGI60-18.01130,1830.7036,1831.3636,0.1521963,3.0942652,3.5577345,192.42142,2108304.0,308479550.0,821868400.0,104.43294,100.48125,5.4323473,1.4005386,-1.0810142,169.437,-44.0715,2.673,1978,False,1914.3014,1642.79,2446.563,2442.0,0.1562758336289867,-713.6,0.282609188177618,-2.1517251869717744,2736.489389557737,3841.030526814337,15.915117084644235
86,0041_0066,-44.0792945,169.4374132,61.0,,374887.4383718996,5118133.060929409,41,66,159,1997-01-01,RGI60-18.01130,1772.0388,1781.0143,0.2541472,2.2748291,4.816552,66.0,2340261.0,213087200.0,577540000.0,54.083347,,,0.8903754,-1.2296185,169.437,-44.0715,2.673,1978,False,1914.3014,1642.79,2446.563,2442.0,0.1562758336289867,-713.6,0.282609188177618,-2.1517251869717744,2736.489389557737,3841.030526814337,15.915117084644235
87,0041_0067,-44.079372219999996,169.43761208,47.6,,374903.5261388955,5118124.7306751665,41,67,159,1997-01-01,RGI60-18.01130,1775.006,1782.4478,0.29894787,2.0636818,4.90968,33.0,2333727.0,216278740.0,585875400.0,45.597046,,,0.768558,-1.1375408,169.437,-44.0715,2.673,1978,False,1914.3014,1642.79,2446.563,2442.0,0.1562758336289867,-713.6,0.282609188177618,-2.1517251869717744,2736.489389557737,3841.030526814337,15.915117084644235
88,0042_0033,-44.0694482,169.43823866666668,134.11111111111111,,374932.7911892683,5119227.949759815,42,33,159,1997-01-01,RGI60-18.01130,1904.1675,1907.1804,0.1418568,3.2276757,3.823805,373.3524,1429857.0,448866880.0,1149969500.0,110.79896,97.48023,10.724341,0.6839694,-1.6826196,169.437,-44.0715,2.673,1978,False,1914.3014,1642.79,2446.563,2442.0,0.1562758336289867,-713.6,0.282609188177618,-2.1517251869717744,2736.489389557737,3841.030526814337,15.915117084644235
89,0042_0054,-44.0755281,169.43811257142858,129.14285714285714,,374935.5009593671,5118552.460035405,42,54,159,1997-01-01,RGI60-18.01130,1825.925,1829.2775,0.17166919,2.8786216,3.7684534,147.58049,2119194.0,304749100.0,812531000.0,91.59636,82.40509,3.3792026,1.2749021,-1.1813048,169.437,-44.0715,2.673,1978,False,1914.3014,1642.79,2446.563,2442.0,0.1562758336289867,-713.6,0.282609188177618,-2.1517251869717744,2736.489389557737,3841.030526814337,15.915117084644235
90,0042_0067,-44.079515566666664,169.43793698333334,27.166666666666668,,374929.84258865664,5118109.3026103545,42,67,159,1997-01-01,RGI60-18.01130,1791.8748,1793.4249,0.3531675,1.8672891,4.9929857,33.0,2289078.0,237247780.0,640388600.0,35.712746,,,0.6703574,-0.8164268,169.437,-44.0715,2.673,1978,False,1914.3014,1642.79,2446.563,2442.0,0.1562758336289867,-713.6,0.282609188177618,-2.1517251869717744,2736.489389557737,3841.030526814337,15.915117084644235
91,0042_0068,-44.0796147,169.4381564,17.0,,374947.6196901153,5118098.625056059,42,68,159,1997-01-01,RGI60-18.01130,1794.04,1797.3043,0.39093778,1.756853,5.0389647,0.0,2269476.0,246000780.0,663008200.0,8.136519,,,0.599934,-0.6138426,169.437,-44.0715,2.673,1978,False,1914.3014,1642.79,2446.563,2442.0,0.1562758336289867,-713.6,0.282609188177618,-2.1517251869717744,2736.489389557737,3841.030526814337,15.915117084644235
92,0043_0033,-44.069412911111115,169.43865297777776,127.77777777777777,,374965.8955557657,5119232.498412253,43,33,159,1997-01-01,RGI60-18.01130,1906.2412,1910.6232,0.16570027,2.9403977,3.9350226,350.7948,1393920.0,452688860.0,1157679700.0,103.383194,94.52524,10.766311,0.6327941,-1.5924788,169.437,-44.0715,2.673,1978,False,1914.3014,1642.79,2446.563,2442.0,0.1562758336289867,-713.6,0.282609188177618,-2.1517251869717744,2736.489389557737,3841.030526814337,15.915117084644235
93,0043_0054,-44.075683766666664,169.43844658333333,108.5,,374962.57427955116,5118535.67726227,43,54,159,1997-01-01,RGI60-18.01130,1828.0094,1833.4155,0.20748986,2.5692234,4.0209985,118.98319,2097414.0,312137400.0,831001000.0,78.87632,66.512985,2.5668523,1.1931515,-1.1782827,169.437,-44.0715,2.673,1978,False,1914.3014,1642.79,2446.563,2442.0,0.1562758336289867,-713.6,0.282609188177618,-2.1517251869717744,2736.489389557737,3841.030526814337,15.915117084644235
94,0043_0055,-44.07579,169.4386541,92.0,,374979.41451589024,5118524.192935672,43,55,159,1997-01-01,RGI60-18.01130,1823.1788,1828.9017,0.217681,2.4963627,4.0269537,104.35516,2121372.0,303996060.0,810643900.0,75.98412,60.35403,3.423161,1.1294907,-1.2467254,169.437,-44.0715,2.673,1978,False,1914.3014,1642.79,2446.563,2442.0,0.1562758336289867,-713.6,0.282609188177618,-2.1517251869717744,2736.489389557737,3841.030526814337,15.915117084644235
95,0043_0068,-44.0796303,169.4381926,16.0,,374950.5510103988,5118096.947329332,43,68,159,1997-01-01,RGI60-18.01130,1810.3385,1810.7655,0.42089498,1.6807215,5.082253,33.0,,,,1.7593352,,,0.53347456,-0.3158266,169.437,-44.0715,2.673,1978,False,1914.3014,1642.79,2446.563,2442.0,0.1562758336289867,-713.6,0.282609188177618,-2.1517251869717744,2736.489389557737,3841.030526814337,15.915117084644235
96,0044_0033,-44.06939251111111,169.43908015555556,124.44444444444444,,375000.0616872762,5119235.412711085,44,33,159,1997-01-01,RGI60-18.01130,1911.0305,1915.0475,0.19030918,2.7059774,4.019132,330.0,1348182.0,457026940.0,1166114600.0,96.080246,88.706436,9.605614,0.5838005,-1.5023378,169.437,-44.0715,2.673,1978,False,1914.3014,1642.79,2446.563,2442.0,0.1562758336289867,-713.6,0.282609188177618,-2.1517251869717744,2736.489389557737,3841.030526814337,15.915117084644235
97,0044_0055,-44.0759364,169.4388997125,79.125,,374999.3896947815,5118508.3050478315,44,55,159,1997-01-01,RGI60-18.01130,1828.906,1835.8832,0.2881715,2.1096451,4.2636347,73.790245,2085435.0,316082270.0,840825100.0,60.060055,40.516808,2.5484734,1.0128342,-1.2262683,169.437,-44.0715,2.673,1978,False,1914.3014,1642.79,2446.563,2442.0,0.1562758336289867,-713.6,0.282609188177618,-2.1517251869717744,2736.489389557737,3841.030526814337,15.915117084644235
98,0045_0033,-44.0693860875,169.4394934875,124.125,,375033.1484603501,5119236.753456597,45,33,159,1997-01-01,RGI60-18.01130,1916.4337,1920.4026,0.21304391,2.5288236,4.081833,311.32138,1298088.0,461047800.0,1173457300.0,90.106224,81.52456,7.8589735,0.54303145,-1.4649658,169.437,-44.0715,2.673,1978,False,1914.3014,1642.79,2446.563,2442.0,0.1562758336289867,-713.6,0.282609188177618,-2.1517251869717744,2736.489389557737,3841.030526814337,15.915117084644235
99,0045_0056,-44.07620016923077,169.43931656153848,64.23076923076923,,375033.3232132891,5118479.640706963,45,56,159,1997-01-01,RGI60-18.01130,1832.0326,1842.7358,0.40215892,1.7272745,4.4264317,33.0,2042964.0,329450800.0,873913540.0,44.278797,,,0.76234096,-0.8326007,169.437,-44.0715,2.673,1978,False,1914.3014,1642.79,2446.563,2442.0,0.1562758336289867,-713.6,0.282609188177618,-2.1517251869717744,2736.489389557737,3841.030526814337,15.915117084644235
100,0046_0033,-44.06936885454545,169.43993155454544,111.27272727272727,,375068.1933258087,5119239.332158508,46,33,159,1997-01-01,RGI60-18.01130,1922.0063,1926.5795,0.23270805,2.3983533,4.1285486,295.16098,1240371.0,464645820.0,1179241900.0,84.06894,76.82458,7.099964,0.50226235,-1.42854,169.437,-44.0715,2.673,1978,False,1914.3014,1642.79,2446.563,2442.0,0.1562758336289867,-713.6,0.282609188177618,-2.1517251869717744,2736.489389557737,3841.030526814337,15.915117084644235
101,0046_0056,-44.0763273,169.439512,48.0,,375049.24004640273,5118465.816788228,46,56,159,1997-01-01,RGI60-18.01130,1849.7722,1858.4259,0.49807206,1.5192341,4.5297265,0.0,1942776.0,357478340.0,942101570.0,30.97255,,,0.55042696,-0.41341114,169.437,-44.0715,2.673,1978,False,1914.3014,1642.79,2446.563,2442.0,0.1562758336289867,-713.6,0.282609188177618,-2.1517251869717744,2736.489389557737,3841.030526814337,15.915117084644235
102,0047_0033,-44.0693544375,169.4403022125,100.75,,375097.84590049734,5119241.49567827,47,33,159,1997-01-01,RGI60-18.01130,1930.8956,1933.4536,0.24964087,2.299379,4.1656036,281.95212,1176120.0,467409900.0,1182486000.0,77.836464,74.98248,7.479095,0.4614933,-1.3921142,169.437,-44.0715,2.673,1978,False,1914.3014,1642.79,2446.563,2442.0,0.1562758336289867,-713.6,0.282609188177618,-2.1517251869717744,2736.489389557737,3841.030526814337,15.915117084644235
103,0048_0033,-44.06933586,169.44071965,92.3,,375131.23592628795,5119244.192095732,48,33,159,1997-01-01,RGI60-18.01130,1939.2843,1940.9534,0.26597518,2.2135806,4.2021103,266.0545,1121670.0,468594140.0,1182267300.0,72.36763,70.36502,6.5877066,0.46583006,-1.2301519,169.437,-44.0715,2.673,1978,False,1914.3014,1642.79,2446.563,2442.0,0.1562758336289867,-713.6,0.282609188177618,-2.1517251869717744,2736.489389557737,3841.030526814337,15.915117084644235
104,0049_0033,-44.06930702727273,169.4411559909091,79.9090909090909,,375166.11822970747,5119248.0560532035,49,33,159,1997-01-01,RGI60-18.01130,1947.5206,1949.1434,0.28536463,2.122071,4.247882,251.32051,1050885.0,468504800.0,1177829800.0,68.37169,62.852177,5.009889,0.5037395,-1.0618713,169.437,-44.0715,2.673,1978,False,1914.3014,1642.79,2446.563,2442.0,0.1562758336289867,-713.6,0.282609188177618,-2.1517251869717744,2736.489389557737,3841.030526814337,15.915117084644235
105,0040_0116,-43.6233097,170.1957309,111.0,,435111.7743261736,5169649.723511714,40,116,164,1971-09-01,RGI60-18.02342,896.1925,923.13727,0.24849638,2.3057275,1.9145831,0.0,82697640.0,37352020000.0,99651380000.0,113.69114,196.07817,18.077473,29.343824,-1.465988,170.238,-43.5653,95.216,1978,False,1950.0344,698.9803,3639.6587,19698.0,15.36636434630796,-1068.8,0.5341973057225804,0.6745245634892635,2932.355299851425,6180.788570987124,33.062965057730366
106,0041_0117,-43.6235411,170.1974764,286.5,,435252.84955234913,5169625.386191374,41,117,164,1971-09-01,RGI60-18.02342,895.51636,894.36273,0.080404975,3.8724234,2.264386,147.0,83972580.0,33842536000.0,90553860000.0,271.2334,374.77084,47.62218,51.264236,-1.9179609,170.238,-43.5653,95.216,1978,False,1950.0344,698.9803,3639.6587,19698.0,15.36636434630796,-1068.8,0.5341973057225804,0.6745245634892635,2932.355299851425,6180.788570987124,33.062965057730366
107,0042_0117,-43.6238087,170.1994946,406.0,,435415.963899315,5169597.238115378,42,117,164,1971-09-01,RGI60-18.02342,886.71985,892.50323,0.048295587,3.8724234,3.2932675,294.0,84037400.0,33661086000.0,90080944000.0,326.7432,399.90216,59.904095,59.48433,-2.0908885,170.238,-43.5653,95.216,1978,False,1950.0344,698.9803,3639.6587,19698.0,15.36636434630796,-1068.8,0.5341973057225804,0.6745245634892635,2932.355299851425,6180.788570987124,33.062965057730366
108,0043_0117,-43.62400515,170.2009764,494.5,,435535.7244455671,5169576.571488409,43,117,164,1971-09-01,RGI60-18.02342,893.4394,896.50977,0.06120526,3.8724234,3.7445934,441.0,83886136.0,34083873000.0,91182330000.0,379.6064,413.12534,66.34196,65.08999,-2.3452218,170.238,-43.5653,95.216,1978,False,1950.0344,698.9803,3639.6587,19698.0,15.36636434630796,-1068.8,0.5341973057225804,0.6745245634892635,2932.355299851425,6180.788570987124,33.062965057730366
109,0044_0117,-43.62428715,170.20310365,615.0,,435707.64949447213,5169546.901297696,44,117,164,1971-09-01,RGI60-18.02342,903.0478,902.7209,0.05746431,3.8724234,3.8953464,588.0,83605224.0,34865450000.0,93215350000.0,422.01773,418.96933,69.26096,68.33474,-2.162545,170.238,-43.5653,95.216,1978,False,1950.0344,698.9803,3639.6587,19698.0,15.36636434630796,-1068.8,0.5341973057225804,0.6745245634892635,2932.355299851425,6180.788570987124,33.062965057730366
110,0045_0117,-43.6245823,170.205331,617.0,,435887.6629578836,5169515.843948104,45,117,164,1971-09-01,RGI60-18.02342,904.7611,908.0848,0.039390184,3.8724234,3.8133557,735.0,83410740.0,35403022000.0,94610730000.0,434.1491,419.66452,71.62059,69.93706,-2.0348222,170.238,-43.5653,95.216,1978,False,1950.0344,698.9803,3639.6587,19698.0,15.36636434630796,-1068.8,0.5341973057225804,0.6745245634892635,2932.355299851425,6180.788570987124,33.062965057730366
111,0046_0117,-43.6247896,170.2068947,587.0,,436014.0394986784,5169494.027090993,46,117,164,1971-09-01,RGI60-18.02342,915.437,909.93207,0.03668453,3.8724234,2.9888256,657.404,83324300.0,35640850000.0,95227120000.0,437.16953,419.77948,72.38061,70.18826,-1.6334732,170.238,-43.5653,95.216,1978,False,1950.0344,698.9803,3639.6587,19698.0,15.36636434630796,-1068.8,0.5341973057225804,0.6745245634892635,2932.355299851425,6180.788570987124,33.062965057730366
112,0047_0118,-43.6249991,170.2084766,537.0,,436141.8858345717,5169471.977519888,47,118,164,1971-09-01,RGI60-18.02342,895.1702,897.7419,0.07133266,3.8724234,2.5254505,588.0,83778100.0,34385110000.0,91966430000.0,431.52948,420.95477,68.38378,66.33956,-0.909838,170.238,-43.5653,95.216,1978,False,1950.0344,698.9803,3639.6587,19698.0,15.36636434630796,-1068.8,0.5341973057225804,0.6745245634892635,2932.355299851425,6180.788570987124,33.062965057730366
113,0048_0118,-43.6251774,170.2098222,480.0,,436250.63422687975,5169453.209240126,48,118,164,1971-09-01,RGI60-18.02342,883.669,891.8299,0.057756323,3.8724234,2.6458576,441.0,84080616.0,33539942000.0,89765085000.0,394.2164,412.25214,62.071842,59.093224,-1.544979,170.238,-43.5653,95.216,1978,False,1950.0344,698.9803,3639.6587,19698.0,15.36636434630796,-1068.8,0.5341973057225804,0.6745245634892635,2932.355299851425,6180.788570987124,33.062965057730366
114,0049_0118,-43.6254532,170.21190415,352.5,,436418.89138844877,5169424.174673679,49,118,164,1971-09-01,RGI60-18.02342,889.02594,889.6557,0.032141067,3.8724234,3.1472878,294.0,84210270.0,33175849000.0,88815165000.0,328.11172,387.06674,49.183434,48.80608,-2.3178012,170.238,-43.5653,95.216,1978,False,1950.0344,698.9803,3639.6587,19698.0,15.36636434630796,-1068.8,0.5341973057225804,0.6745245634892635,2932.355299851425,6180.788570987124,33.062965057730366
115,0050_0118,-43.625727749999996,170.21397695,175.0,,436586.4075663383,5169395.267902607,50,118,164,1971-09-01,RGI60-18.02342,888.5606,891.8837,0.08052509,3.8724234,4.4305615,147.0,84059010.0,33600514000.0,89923020000.0,247.32689,345.83322,33.64971,29.638094,-2.2935798,170.238,-43.5653,95.216,1978,False,1950.0344,698.9803,3639.6587,19698.0,15.36636434630796,-1068.8,0.5341973057225804,0.6745245634892635,2932.355299851425,6180.788570987124,33.062965057730366
116,0051_0118,-43.6258927,170.2152226,22.0,,436687.0757482076,5169377.899023813,51,118,164,1971-09-01,RGI60-18.02342,877.2639,912.4454,0.25885403,2.24992,4.622328,0.0,83194650.0,35996803000.0,96149045000.0,106.08221,,,8.525652,-1.4136802,170.238,-43.5653,95.216,1978,False,1950.0344,698.9803,3639.6587,19698.0,15.36636434630796,-1068.8,0.5341973057225804,0.6745245634892635,2932.355299851425,6180.788570987124,33.062965057730366
117,0083_0051,-43.53753365,170.27481895,175.5,,441409.4721466566,5179234.777217185,83,51,164,1971-09-01,RGI60-18.02342,1486.9379,1504.0343,0.22306152,2.4600573,2.9939795,207.88939,62838972.0,76327360000.0,192533600000.0,269.6965,186.61938,75.978584,85.383675,-2.518217,170.238,-43.5653,95.216,1978,False,1950.0344,698.9803,3639.6587,19698.0,15.36636434630796,-1068.8,0.5341973057225804,0.6745245634892635,2932.355299851425,6180.788570987124,33.062965057730366
118,0083_0052,-43.5382808,170.2758004,253.0,,441489.490570038,5179152.490243172,83,52,164,1971-09-01,RGI60-18.02342,1471.79,1481.6188,0.10779853,3.8056803,3.3621283,328.702,63508852.0,75658950000.0,191265930000.0,356.31512,278.2378,133.0944,137.29811,-2.5195158,170.238,-43.5653,95.216,1978,False,1950.0344,698.9803,3639.6587,19698.0,15.36636434630796,-1068.8,0.5341973057225804,0.6745245634892635,2932.355299851425,6180.788570987124,33.062965057730366
119,0084_0052,-43.5388151,170.2765022,286.0,,441546.7076758805,5179093.644744339,84,52,164,1971-09-01,RGI60-18.02342,1480.8826,1488.6364,0.096681856,3.8724234,3.8687503,415.77878,63335980.0,75836030000.0,191604850000.0,392.13507,302.29907,157.32162,143.56519,-2.487806,170.238,-43.5653,95.216,1978,False,1950.0344,698.9803,3639.6587,19698.0,15.36636434630796,-1068.8,0.5341973057225804,0.6745245634892635,2932.355299851425,6180.788570987124,33.062965057730366
120,0084_0053,-43.53954415,170.2774599,362.0,,441624.78632026736,5179013.349573774,84,53,164,1971-09-01,RGI60-18.02342,1480.7416,1482.8125,0.0776467,3.8724234,4.3573785,530.01605,63465630.0,75703620000.0,191351700000.0,438.97455,348.1258,167.8709,157.85631,-2.5385714,170.238,-43.5653,95.216,1978,False,1950.0344,698.9803,3639.6587,19698.0,15.36636434630796,-1068.8,0.5341973057225804,0.6745245634892635,2932.355299851425,6180.788570987124,33.062965057730366
121,0085_0053,-43.5405721,170.2788102,419.0,,441734.8696145859,5178900.133065928,85,53,164,1971-09-01,RGI60-18.02342,1496.9886,1494.4365,0.0793808,3.8724234,4.2627125,606.0965,63184716.0,75987890000.0,191893420000.0,435.3327,361.04257,174.08228,153.08414,-2.5666559,170.238,-43.5653,95.216,1978,False,1950.0344,698.9803,3639.6587,19698.0,15.36636434630796,-1068.8,0.5341973057225804,0.6745245634892635,2932.355299851425,6180.788570987124,33.062965057730366
122,0086_0054,-43.5413057,170.2797739,419.0,,441813.4329711973,5178819.334640767,86,54,164,1971-09-01,RGI60-18.02342,1499.2346,1497.753,0.05970985,3.8724234,4.011017,415.77878,63055064.0,76116430000.0,192136640000.0,417.8954,401.32727,173.87137,123.322365,-2.7138035,170.238,-43.5653,95.216,1978,False,1950.0344,698.9803,3639.6587,19698.0,15.36636434630796,-1068.8,0.5341973057225804,0.6745245634892635,2932.355299851425,6180.788570987124,33.062965057730366
123,0086_0055,-43.5419849,170.2806662,417.0,,441886.1738902067,5178744.527043003,86,55,164,1971-09-01,RGI60-18.02342,1490.7524,1492.5337,0.05340794,3.8724234,4.187609,294.0,63249544.0,75923160000.0,191770640000.0,399.84552,425.91394,149.60359,73.48894,-2.6895955,170.238,-43.5653,95.216,1978,False,1950.0344,698.9803,3639.6587,19698.0,15.36636434630796,-1068.8,0.5341973057225804,0.6745245634892635,2932.355299851425,6180.788570987124,33.062965057730366
124,0087_0055,-43.5427637,170.2816895,384.0,,441969.5919273729,5178658.748570434,87,55,164,1971-09-01,RGI60-18.02342,1495.6394,1499.5776,0.069312245,3.8724234,4.5799713,207.88939,62990236.0,76180150000.0,192256870000.0,332.982,425.2499,117.48556,20.165129,-2.6103938,170.238,-43.5653,95.216,1978,False,1950.0344,698.9803,3639.6587,19698.0,15.36636434630796,-1068.8,0.5341973057225804,0.6745245634892635,2932.355299851425,6180.788570987124,33.062965057730366
125,0087_0056,-43.5433795,170.2824985,309.0,,442035.53911018814,5178590.922403812,87,56,164,1971-09-01,RGI60-18.02342,1497.0804,1501.1394,0.12866394,3.4223616,5.20453,147.0,62925410.0,76243530000.0,192376210000.0,268.76,345.97577,49.193634,2.063829,-2.3682692,170.238,-43.5653,95.216,1978,False,1950.0344,698.9803,3639.6587,19698.0,15.36636434630796,-1068.8,0.5341973057225804,0.6745245634892635,2932.355299851425,6180.788570987124,33.062965057730366
126,0088_0056,-43.5442307,170.28361685,142.5,,442126.70118670224,5178497.167489628,88,56,164,1971-09-01,RGI60-18.02342,1499.5593,1523.4017,0.26666772,2.2101295,5.247161,0.0,62385184.0,76754534000.0,193326500000.0,83.46013,,,0.7117609,-1.4687312,170.238,-43.5653,95.216,1978,False,1950.0344,698.9803,3639.6587,19698.0,15.36636434630796,-1068.8,0.5341973057225804,0.6745245634892635,2932.355299851425,6180.788570987124,33.062965057730366
